Comment,Most Relevant Transcript Chunk,Sarcasm Label,Confidence
first,"right now all you have to do is take content from already viral creators re-edit their content and post and then boom youre getting paid a dollar for every 1,000 views you generate its great because you dont have to show your face or make videos yourself you simply take content from big creators and leverage their virality to get views they get more",Sarcastic,0.7394872307777405
brett do you know who mentor these businesses i would love to learn all three,do UGC or start your own content rewards agency I linked three free resources in the description of the video so jump on this and start making money with content rewards,Not Sarcastic,0.9950770735740662
xai50b is about to change lives im holding strong this ride is going to be crazy,"this creator just made a new Instagram account and started posting Faceless UC and in his first two weeks hes earned over 6,000 this campaign has literally only been live for 2 weeks and these are verifiable results inside of our if you want to get started today our free UGC swap is linked in the description below this actually is a really insane",Not Sarcastic,0.908154308795929
binance infinity eth bug right now i just made a video to show that,"this creator just made a new Instagram account and started posting Faceless UC and in his first two weeks hes earned over 6,000 this campaign has literally only been live for 2 weeks and these are verifiable results inside of our if you want to get started today our free UGC swap is linked in the description below this actually is a really insane",Not Sarcastic,0.7842050194740295
btc and eth were my first wins but xai50b this feels next level buckle up :rocket:,make the most money you should always be looking for new content rewards program from creators that others might be overlooking its kind of like digging for gold because the smart clippers are looking where others arent and they are constantly monitoring the explore page to find new content reward opportunities the moment they pop up now this is how you make a lot,Sarcastic,0.7016920447349548
everyone fomos into the big names but xai50b thats the sleeper pick holding strong,"it is all about getting an edge and to make the most money you want to be one of the first people to clip for a big creator this is the strategy that made Andrew Tate famous and the first few people to clip for him literally made 100,000 in a single month but once more people heard about his clipping program thousands of",Sarcastic,0.60179203748703
heavy on xai50b right now when the bull run kicks off this ones leaving the doubters in the dust,but the biggest problem for these brands is having people to make the content for them since they arent creators they need people like you to do it these days influencers are hard to work with super expensive and far and few in between smart brands have realized they can just pay their fans to make content for them with short form algorithms good,Not Sarcastic,0.776574432849884
every dip in xai50b feels like a gift scooping up as much as i can,"this stuff works because its so new they just have a lot of money and they know they need views well thats where you step in you can partner with brands directly create their content rewards program for them and then manage the budget in exchange for this service you can charge a monthly retainer of 3,000 and take anywhere between 5 to 15",Not Sarcastic,0.7304754853248596
xai50b feels like a hidden treasure when this thing pops its going to be wild,make the most money you should always be looking for new content rewards program from creators that others might be overlooking its kind of like digging for gold because the smart clippers are looking where others arent and they are constantly monitoring the explore page to find new content reward opportunities the moment they pop up now this is how you make a lot,Not Sarcastic,0.9154614806175232
if your are earning by doing what you can tell me yours job side hustle or business,make the most money you should always be looking for new content rewards program from creators that others might be overlooking its kind of like digging for gold because the smart clippers are looking where others arent and they are constantly monitoring the explore page to find new content reward opportunities the moment they pop up now this is how you make a lot,Not Sarcastic,0.880781352519989
xai50b is the real deal not hyped like the other coins but the fundamentals are rock solid,but the biggest problem for these brands is having people to make the content for them since they arent creators they need people like you to do it these days influencers are hard to work with super expensive and far and few in between smart brands have realized they can just pay their fans to make content for them with short form algorithms good,Not Sarcastic,0.9673727750778198
